{
  "spawn": {
    "world": "world",
    "x": 50.812379316146604,
    "y": 27,
    "z": -30.10011370071516,
    "yaw": 314.8482666015625,
    "pitch": -14.699978828430176
  }
}
