{
  "spawn": {
    "world": "world",
    "x": -125.51219302274605,
    "y": 76,
    "z": 164.564673972533,
    "yaw": -91.95111083984375,
    "pitch": 9.600037574768066
  }
}
